{
    "faces":[43,0,1,2,3,0,0,1,2,3,0,0,0,0,43,4,7,6,5,0,4,5,6,7,1,1,1,1,43,0,4,5,1,0,8,9,10,11,2,2,2,2,43,1,5,6,2,0,8,12,13,14,3,3,3,3,43,2,6,7,3,0,15,16,17,18,4,4,4,4,43,4,0,3,7,0,19,20,21,22,5,5,5,5],
    "materials":[{
        "visible":true,
        "depthTest":true,
        "DbgIndex":0,
        "mapDiffuseRepeat":[1,1],
        "blending":"NormalBlending",
        "shading":"phong",
        "colorDiffuse":[0.64,0.64,0.64],
        "mapDiffuse":"boundary_post_image.png",
        "colorSpecular":[0.5,0.5,0.5],
        "DbgColor":15658734,
        "opacity":1,
        "mapDiffuseAnisotropy":1,
        "DbgName":"Material",
        "specularCoef":50,
        "mapDiffuseWrap":["repeat","repeat"],
        "doubleSided":false,
        "colorEmissive":[0,0,0],
        "transparent":false,
        "wireframe":false,
        "depthWrite":true
    }],
    "vertices":[0.25,-1,-0.25,0.25,-1,0.25,-0.25,-1,0.25,-0.25,-1,-0.25,0.250001,2,-0.25,0.249999,2,0.250001,-0.25,2,0.25,-0.25,2,-0.25],
    "normals":[0,-1,0,0,1,0,1,2.98022e-08,1.13249e-06,-1.11759e-06,-2.7319e-08,1,-1,-8.9407e-08,-8.9407e-07,9.68575e-07,9.68575e-08,-1],
    "metadata":{
        "vertices":8,
        "normals":6,
        "type":"Geometry",
        "uvs":1,
        "faces":6,
        "materials":1,
        "generator":"io_three",
        "version":3
    },
    "uvs":[[0.75,0.572266,0.75,0.322266,0.398437,0.302734,0.398438,0.552735,0.609375,0.548828,0.265625,0.544922,0.265625,0.294922,0.609375,0.298828,0.984375,0,0.984375,1,-0.0156253,0.998047,-0.015625,-0.00195312,0.984375,1,-0.0156251,0.998047,-0.015625,-0.00195312,0.988902,-0.00505352,0.988902,0.994946,-0.0123397,0.993799,-0.0123395,-0.00620079,-0.00747979,0.998326,-0.00748003,-0.00167364,1.00748,-0.00167364,1.00748,0.998326]]
}