{
    "metadata":{
        "type":"Geometry",
        "materials":1,
        "generator":"io_three",
        "version":3,
        "vertices":16,
        "normals":16,
        "faces":20,
        "uvs":1
    },
    "uvs":[[0.00123292,0.000771254,0.00123304,0.996128,0.502704,0.996128,0.502704,0.000771582,0.502704,0.49845,0.429266,0.590251,0.251969,0.628277,0.0746718,0.590251,0.00123298,0.49845,0.0746717,0.406648,0.251969,0.368623,0.429265,0.406648,0.429266,0.590716,0.251969,0.628933,0.0746718,0.590716,0.0746717,0.406184,0.251969,0.367966,0.429265,0.406184]],
    "vertices":[0,0,-0.125,0,1,-0.125,0.0883883,0,-0.0883883,0.0883883,1,-0.0883884,0.125,0,5.46392e-09,0.125,1,-3.82475e-08,0.0883883,0,0.0883883,0.0883883,1,0.0883883,-1.09278e-08,0,0.125,-1.09278e-08,1,0.125,-0.0883884,0,0.0883883,-0.0883884,1,0.0883883,-0.125,0,-1.49061e-09,-0.125,1,-4.5202e-08,-0.0883884,0,-0.0883883,-0.0883884,1,-0.0883884],
    "normals":[0,-0.630238,-0.77636,0,0.630238,-0.77636,0.548967,0.630238,-0.548967,0.548967,-0.630238,-0.548967,0.77636,0.630238,0,0.77636,-0.630238,0,0.548967,0.630238,0.548967,0.548967,-0.630238,0.548967,0,0.630238,0.77636,0,-0.630238,0.77636,-0.548967,0.630238,0.548967,-0.548967,-0.630238,0.548967,-0.77636,0.630238,0,-0.77636,-0.630238,0,-0.548967,0.630238,-0.548967,-0.548967,-0.630238,-0.548967],
    "faces":[43,0,1,3,2,0,0,1,2,3,0,1,2,3,43,2,3,5,4,0,0,1,2,3,3,2,4,5,43,4,5,7,6,0,0,1,2,3,5,4,6,7,43,6,7,9,8,0,0,1,2,3,7,6,8,9,43,8,9,11,10,0,0,1,2,3,9,8,10,11,43,10,11,13,12,0,0,1,2,3,11,10,12,13,42,5,3,1,0,11,4,5,4,2,1,42,1,15,13,0,5,6,7,1,14,12,42,13,11,9,0,7,8,9,12,10,8,42,9,7,5,0,9,10,11,8,6,4,42,5,1,13,0,11,5,7,4,1,12,42,13,9,5,0,7,9,11,12,8,4,43,12,13,15,14,0,0,1,2,3,13,12,14,15,43,1,0,14,15,0,2,3,0,1,1,0,15,14,42,14,0,2,0,17,4,12,15,0,3,42,2,4,6,0,12,13,14,3,5,7,42,6,8,10,0,14,8,15,7,9,11,42,10,12,14,0,15,16,17,11,13,15,42,14,2,6,0,17,12,14,15,3,7,42,6,10,14,0,14,15,17,7,11,15],
    "materials":[{
        "mapDiffuse":"pin_image.png",
        "specularCoef":50,
        "DbgName":"Pin",
        "visible":true,
        "wireframe":false,
        "mapDiffuseAnisotropy":1,
        "transparent":false,
        "depthTest":true,
        "colorEmissive":[0.0781879,0.0781879,0.0781879],
        "mapDiffuseRepeat":[1,1],
        "DbgColor":238,
        "blending":"NormalBlending",
        "depthWrite":true,
        "colorDiffuse":[0.601446,0.601446,0.601446],
        "shading":"phong",
        "colorSpecular":[0.066265,0.066265,0.066265],
        "DbgIndex":3,
        "mapDiffuseWrap":["repeat","repeat"],
        "opacity":1,
        "doubleSided":false
    }]
}