{
    "metadata":{
        "generator":"io_three",
        "vertices":16,
        "uvs":0,
        "type":"Geometry",
        "materials":1,
        "faces":20,
        "version":3,
        "normals":16
    },
    "vertices":[0,0,-0.125,0,1,-0.125,0.0883883,0,-0.0883883,0.0883883,1,-0.0883884,0.125,0,5.46392e-09,0.125,1,-3.82475e-08,0.0883883,0,0.0883883,0.0883883,1,0.0883883,-1.09278e-08,0,0.125,-1.09278e-08,1,0.125,-0.0883884,0,0.0883883,-0.0883884,1,0.0883883,-0.125,0,-1.49061e-09,-0.125,1,-4.5202e-08,-0.0883884,0,-0.0883883,-0.0883884,1,-0.0883884],
    "uvs":[],
    "normals":[0,-0.630238,-0.77636,0,0.630238,-0.77636,0.548967,0.630238,-0.548967,0.548967,-0.630238,-0.548967,0.77636,0.630238,0,0.77636,-0.630238,0,0.548967,0.630238,0.548967,0.548967,-0.630238,0.548967,0,0.630238,0.77636,0,-0.630238,0.77636,-0.548967,0.630238,0.548967,-0.548967,-0.630238,0.548967,-0.77636,0.630238,0,-0.77636,-0.630238,0,-0.548967,0.630238,-0.548967,-0.548967,-0.630238,-0.548967],
    "materials":[{
        "depthTest":true,
        "colorEmissive":[0.0405486,0.135814,0.0420227],
        "DbgName":"Green",
        "wireframe":false,
        "transparent":false,
        "DbgColor":15658734,
        "specularCoef":50,
        "colorSpecular":[0.186747,0.186747,0.186747],
        "DbgIndex":0,
        "shading":"phong",
        "blending":"NormalBlending",
        "doubleSided":false,
        "colorDiffuse":[0.122875,0.411558,0.127342],
        "opacity":1,
        "depthWrite":true,
        "visible":true
    }],
    "faces":[35,0,1,3,2,0,0,1,2,3,35,2,3,5,4,0,3,2,4,5,35,4,5,7,6,0,5,4,6,7,35,6,7,9,8,0,7,6,8,9,35,8,9,11,10,0,9,8,10,11,35,10,11,13,12,0,11,10,12,13,34,5,3,1,0,4,2,1,34,1,15,13,0,1,14,12,34,13,11,9,0,12,10,8,34,9,7,5,0,8,6,4,34,5,1,13,0,4,1,12,34,13,9,5,0,12,8,4,35,12,13,15,14,0,13,12,14,15,35,1,0,14,15,0,1,0,15,14,34,14,0,2,0,15,0,3,34,2,4,6,0,3,5,7,34,6,8,10,0,7,9,11,34,10,12,14,0,11,13,15,34,14,2,6,0,15,3,7,34,6,10,14,0,7,11,15]
}