{
    "uvs":[],
    "materials":[{
        "colorSpecular":[0.5,0.5,0.5],
        "depthWrite":true,
        "doubleSided":false,
        "wireframe":false,
        "colorEmissive":[0,0,0],
        "opacity":1,
        "visible":true,
        "specularCoef":50,
        "shading":"phong",
        "depthTest":true,
        "DbgName":"Material",
        "colorDiffuse":[0.0622674,0.64,0.0585067],
        "DbgColor":15658734,
        "DbgIndex":0,
        "transparent":false,
        "blending":"NormalBlending"
    }],
    "vertices":[0.2,-0.25,-0.2,0.2,-0.25,0.2,-0.2,-0.25,0.2,-0.2,-0.25,-0.2,0.200001,0.25,-0.2,0.199999,0.25,0.200001,-0.2,0.25,0.2,-0.2,0.25,-0.2],
    "normals":[-2.77556e-14,-1,3.72529e-08,6.93889e-14,1,-3.72529e-08,1,1.78812e-07,1.41561e-06,-1.41561e-06,-3.57629e-07,1,-1,-5.36442e-07,-1.11759e-06,1.19209e-06,7.7486e-07,-1],
    "faces":[35,0,1,2,3,0,0,0,0,0,35,4,7,6,5,0,1,1,1,1,35,0,4,5,1,0,2,2,2,2,35,1,5,6,2,0,3,3,3,3,35,2,6,7,3,0,4,4,4,4,35,4,0,3,7,0,5,5,5,5],
    "metadata":{
        "uvs":0,
        "generator":"io_three",
        "faces":6,
        "vertices":8,
        "materials":1,
        "type":"Geometry",
        "normals":6,
        "version":3
    }
}