{
    "vertices":[0,-8.74228e-08,-2,1,0,0,0,0,0,0,3,-1.31134e-07],
    "faces":[32,0,1,2,0,0,0,32,0,3,1,1,1,1,32,1,3,2,2,2,2,32,2,3,0,3,3,3],
    "metadata":{
        "type":"Geometry",
        "uvs":0,
        "generator":"io_three",
        "version":3,
        "vertices":4,
        "faces":4,
        "normals":4
    },
    "uvs":[],
    "normals":[0,-1,4.37114e-08,0.857143,0.285714,-0.428571,0,4.37114e-08,1,-1,0,0]
}