{
    "metadata":{
        "vertices":71,
        "generator":"io_three",
        "uvs":0,
        "version":3,
        "materials":4,
        "normals":89,
        "faces":90,
        "type":"Geometry"
    },
    "vertices":[5.41,-3.08249e-08,-0.705191,0.304396,-2.00281e-08,-0.458189,5.4659,0.513964,-0.784869,0.152098,0.564685,-0.633481,3.67626,-3.74423e-08,-0.85658,1.95846,-3.74423e-08,-0.85658,3.69463,0.490909,-1,1.92336,0.513964,-1,5.41,3.08249e-08,0.705191,5.41,0,0,0,0,0,0.304396,2.00281e-08,0.458189,5.4659,0.513964,0.784869,5.4659,0.513964,-2.24661e-08,-0.4,0.596962,-2.6094e-08,0.152098,0.564685,0.633481,3.67626,3.74423e-08,0.85658,1.95846,3.74423e-08,0.85658,3.65447,-0.0890053,3.89055e-09,1.95472,-0.11328,4.9516e-09,3.69463,0.490909,1,1.92336,0.513964,1,5.4659,0.513964,0.526233,3.69175,0.490909,0.670473,1.91235,0.513964,0.670473,5.4659,0.513964,-0.526022,3.69175,0.490909,-0.670203,1.91234,0.513964,-0.670204,4.89897,0.506621,-2.21451e-08,4.90084,0.506621,0.572173,4.90084,0.506621,-0.571943,2.18907,0.570094,-2.49196e-08,2.20872,0.510124,0.670473,2.20872,0.510124,-0.670204,4.89898,0.331357,-1.46078e-08,1.24928,0.533266,-0.860515,3.69175,0.315645,-0.670203,3.69176,0.315645,0.670473,4.90085,0.331357,0.572173,2.20872,0.33486,-0.670204,4.90085,0.331357,-0.571943,2.18908,0.33486,-1.47609e-08,2.20873,0.33486,0.670473,3.68883,0.315645,0.335236,4.89991,0.331357,0.286086,2.19891,0.33486,0.335236,3.68882,0.315645,-0.335102,4.89991,0.331357,-0.285971,2.1989,0.33486,-0.335102,4.89899,0.245987,-1.11562e-08,3.6859,0.230275,-1.04694e-08,3.68883,0.230275,-0.335102,3.68883,0.230275,0.335236,4.89992,0.245987,-0.285971,2.18909,0.24949,-1.13094e-08,2.19891,0.24949,-0.335102,4.89992,0.245987,0.286086,2.19892,0.24949,0.335236,1.01847,0.54555,-2.38467e-08,1.24928,0.533266,0.860515,1.89357,0.706743,-5.21893e-08,1.13388,0.539408,0.430258,2.19269,0.702903,-5.20214e-08,1.13388,0.539408,-0.430258,2.21094,0.663288,0.62269,1.91438,0.667128,0.62269,1.91424,0.667128,-0.618499,2.21082,0.663288,-0.618499,1.1526,0.693984,-5.16316e-08,1.24625,0.689165,-0.430225,1.24684,0.689134,0.433004],
    "faces":[35,5,19,10,1,0,0,0,0,0,34,63,35,3,1,1,1,1,34,3,14,58,1,2,2,2,34,3,58,63,1,3,3,3,34,9,0,2,1,4,4,4,34,2,25,13,1,5,5,5,34,2,13,9,1,6,6,6,35,10,14,3,1,1,7,7,7,7,34,35,7,5,1,8,8,8,34,5,1,3,1,9,9,9,34,5,3,35,1,10,10,10,35,2,0,4,6,1,11,11,11,11,35,6,4,5,7,1,12,12,12,12,35,26,33,39,36,1,13,13,13,13,35,32,31,62,64,1,14,14,14,14,35,0,9,18,4,0,15,15,15,15,35,4,18,19,5,0,16,16,16,16,35,17,11,10,19,0,17,17,17,17,34,15,59,61,1,18,18,18,34,61,58,14,1,19,19,19,34,61,14,15,1,20,20,20,34,12,8,9,1,4,4,4,34,9,13,22,1,21,21,21,34,9,22,12,1,22,22,22,35,10,11,15,14,1,23,23,23,23,34,17,21,59,1,24,24,24,34,59,15,11,1,25,25,25,34,59,11,17,1,26,26,26,35,12,20,16,8,1,27,27,27,27,35,20,21,17,16,1,28,28,28,28,34,39,33,31,2,29,29,29,34,31,41,48,2,30,30,30,34,31,48,39,2,31,31,31,35,63,58,68,69,1,32,32,32,32,35,8,16,18,9,0,33,33,33,33,35,16,17,19,18,0,34,34,34,34,34,21,20,23,1,35,35,35,34,32,24,21,1,36,36,36,34,23,32,21,1,37,37,37,34,20,12,22,1,38,38,38,34,29,23,20,1,39,39,39,34,22,29,20,1,40,40,40,34,26,6,7,1,41,41,41,34,7,27,33,1,42,42,42,34,7,33,26,1,43,43,43,34,25,2,6,1,44,44,44,34,6,26,30,1,45,45,45,34,6,30,25,1,46,46,46,35,22,13,28,29,1,47,47,47,47,35,25,30,28,13,1,48,48,48,48,35,30,26,36,40,1,49,49,49,49,34,34,28,30,1,50,50,50,34,30,40,47,1,51,51,51,34,30,47,34,1,52,52,52,35,48,41,54,55,2,53,53,53,53,35,46,48,55,51,1,54,54,54,54,35,44,34,49,56,1,55,55,55,55,35,45,43,52,57,1,56,56,56,56,35,23,29,38,37,1,57,57,57,57,34,38,29,28,1,58,58,58,34,28,34,44,1,59,59,59,34,28,44,38,1,60,60,60,34,41,31,32,2,61,61,61,34,32,42,45,2,62,62,62,34,32,45,41,2,63,63,63,35,32,23,37,42,1,64,64,64,64,35,37,43,45,42,1,65,65,65,65,35,38,44,43,37,1,66,66,66,66,35,36,39,48,46,1,67,67,67,67,35,40,36,46,47,1,68,68,68,68,35,53,51,50,49,3,69,69,69,69,35,56,49,50,52,3,70,70,70,70,35,52,50,54,57,3,71,71,71,71,35,51,55,54,50,3,72,72,72,72,35,43,44,56,52,1,73,73,73,73,35,34,47,53,49,1,74,74,74,74,35,41,45,57,54,2,75,75,75,75,35,47,46,51,53,1,76,76,76,76,35,58,61,70,68,1,77,77,77,77,35,33,27,66,67,1,78,78,78,78,35,21,24,61,59,1,79,79,79,79,35,7,35,63,27,1,80,80,80,80,35,67,66,60,62,1,81,81,81,81,35,64,62,60,65,1,82,82,82,82,35,70,65,60,68,1,83,83,83,83,35,66,69,68,60,1,84,84,84,84,35,24,32,64,65,1,85,85,85,85,35,27,63,69,66,1,86,86,86,86,35,61,24,65,70,1,87,87,87,87,35,31,33,67,62,1,88,88,88,88],
    "normals":[-0.0417592,-0.994555,-0.0954768,0.0271801,0.999606,-0.00697872,0.036214,0.999157,-0.0193473,0.0271801,0.999606,-0.00697872,0.994138,-0.108118,4.72598e-09,0.238973,0.971026,2.16628e-07,0.994138,-0.108116,1.21616e-06,-0.718339,-0.42468,-0.551032,-0.202334,-0.276013,-0.939616,-0.219969,-0.342831,-0.91328,-0.202334,-0.276013,-0.939616,0.102838,-0.222827,-0.969419,-0.00181387,-0.274513,-0.961582,-8.03823e-08,-2.95238e-12,1,0.999183,-0.0256268,-0.0312571,0.0279085,-0.998013,-0.0564874,0.00705371,-0.993088,-0.117156,-0.0417592,-0.994555,0.0954769,0.0271801,0.999606,0.00697845,0.0362204,0.999334,0.00455002,0.0307224,0.999236,0.0241375,0.994138,-0.108116,-9.00821e-07,0.994138,-0.108115,-1.80794e-06,-0.718339,-0.42468,0.551032,-0.202334,-0.276013,0.939616,-0.199921,-0.339262,0.919202,-0.223111,-0.303546,0.926327,0.102838,-0.222827,0.969419,-0.00181387,-0.274513,0.961582,0.999571,3.67135e-05,0.0292918,0.999571,2.73551e-05,0.0292955,0.999571,2.83727e-05,0.0292948,-0.756441,0.625325,-0.191741,0.0279085,-0.998013,0.0564875,0.00705371,-0.993088,0.117156,0.013015,0.999915,-0.000113771,0.0129555,0.999916,-0.00043312,0.0129555,0.999916,-0.000433068,-0.013015,0.999915,-2.06443e-07,-0.0129846,0.999916,0.000113506,-0.0129847,0.999916,0.000113409,0.013015,0.999915,0.000113772,0.0129554,0.999916,0.000432759,0.0129555,0.999916,0.000432669,-0.013015,0.999915,-2.54226e-07,-0.0129847,0.999916,-0.000113507,-0.0129846,0.999916,-0.000113616,-0.0129716,0.999916,2.20571e-05,-0.0129715,0.999916,-2.20547e-05,-0.081001,-3.03127e-06,0.996714,-0.999995,-3.80895e-05,-0.00326314,-0.999995,-3.80894e-05,-0.00326314,-0.999995,-3.80894e-05,-0.00326314,0.999571,0.000111665,0.0292955,-4.00053e-08,-4.46901e-12,1,-0.999995,-0.00011171,0.0032635,-4.00053e-08,-4.46902e-12,-1,-0.0810334,-3.03127e-06,-0.996711,-0.999995,-3.80894e-05,0.0032635,-0.999995,-3.80892e-05,0.0032635,-0.999995,-3.80886e-05,0.0032635,0.999571,2.73526e-05,-0.0292926,0.999571,3.67135e-05,-0.0292951,0.999571,3.6715e-05,-0.0292951,-8.03826e-08,-2.95239e-12,-1,0.0129255,0.999916,-0.00024599,-0.0129782,0.999916,8.06167e-05,0.0129255,0.999916,0.00024581,-0.0129782,0.999916,-8.08051e-05,-0.0129601,0.999916,-8.06455e-05,-0.0129601,0.999916,8.05537e-05,0.0128658,0.999917,-0.00024481,0.0128658,0.999917,0.000244724,-0.0405499,-4.51819e-06,-0.999178,-0.999995,-0.00011171,-0.00326314,0.999571,0.00011166,-0.0292951,-0.0405337,-4.53619e-06,0.999178,-0.756549,0.625209,0.191695,0.00414188,0.31979,-0.947479,0.0299838,0.999546,0.00309082,0.0299849,0.999546,-0.0030895,0.0128649,0.997898,-0.0635122,0.0128656,0.997925,0.0630837,0.000905525,0.999118,0.0419833,0.000936055,0.999107,-0.0422299,0.00385669,0.297762,0.954632,-0.266352,0.259035,-0.928417,-0.269312,0.240886,0.93244,0.999182,-0.0256555,0.0312662],
    "uvs":[],
    "materials":[{
        "visible":true,
        "colorSpecular":[0.0306122,0.0306122,0.0306122],
        "specularCoef":50,
        "depthTest":true,
        "DbgName":"Underside",
        "depthWrite":true,
        "blending":"NormalBlending",
        "colorEmissive":[0,0,0],
        "transparent":false,
        "DbgIndex":1,
        "wireframe":false,
        "doubleSided":false,
        "DbgColor":15597568,
        "colorDiffuse":[0.02682,0.0635277,0.181801],
        "shading":"phong",
        "opacity":1
    },{
        "visible":true,
        "colorSpecular":[0.0306122,0.0306122,0.0306122],
        "specularCoef":50,
        "depthTest":true,
        "DbgName":"Topside",
        "depthWrite":true,
        "blending":"NormalBlending",
        "colorEmissive":[0.187677,0.187677,0.187677],