{
    "faces":[35,12,1,2,13,0,0,0,0,0,35,14,15,6,5,0,1,1,1,1,35,17,14,5,9,0,2,2,2,2,35,9,5,6,10,0,3,3,3,3,35,16,15,7,11,0,4,4,4,4,35,8,0,3,11,0,5,5,5,5,35,4,8,11,7,0,6,6,6,6,35,13,16,11,3,0,7,7,7,7,35,1,9,10,2,0,8,8,8,8,35,12,17,9,1,0,9,9,9,9,35,0,8,17,12,0,10,10,10,10,35,2,10,16,13,0,11,11,11,11,35,10,6,15,16,0,12,12,12,12,35,8,4,14,17,0,13,13,13,13,35,4,7,15,14,0,14,14,14,14,35,0,12,13,3,0,15,15,15,15],
    "materials":[{
        "colorEmissive":[0,0,0],
        "wireframe":false,
        "shading":"phong",
        "DbgName":"Hull Topside",
        "transparent":false,
        "DbgColor":15658734,
        "blending":"NormalBlending",
        "depthWrite":true,
        "doubleSided":false,
        "DbgIndex":0,
        "colorDiffuse":[0.55632,0.625681,0.652359],
        "colorSpecular":[0.5,0.5,0.5],
        "opacity":1,
        "specularCoef":50,
        "visible":true,
        "depthTest":true
    }],
    "normals":[0.0836651,-0.962149,0.259362,4.81097e-15,1,-2.98023e-08,1,9.53674e-07,2.38419e-07,-1.58946e-07,-5.40416e-07,1,-0.8,-0.48,-0.36,1.00051e-07,3.05474e-07,-1,1.19209e-07,1.00136e-06,-1,-0.696733,-0.62706,-0.348367,-6.81196e-08,-1.19209e-07,1,0.918828,-0.393783,0.0262521,0.918828,-0.393783,-0.0262521,-0.696733,-0.62706,0.348366,-0.8,-0.48,0.36,1,-9.53675e-07,2.38419e-07,5.55112e-15,1,-4.47035e-08,0.0836652,-0.962149,-0.259362],
    "metadata":{
        "generator":"io_three",
        "faces":16,
        "materials":1,
        "version":3,
        "normals":16,
        "type":"Geometry",
        "uvs":0,
        "vertices":18
    },
    "uvs":[],
    "vertices":[4.8,-0.4,-1,4.8,-0.4,1,1.5,-1,1,1.5,-1,-1,5,0.25,-0.999999,5,0.25,1,0.4,0.25,1,0.4,0.25,-1,5,-4.37114e-08,-1,5,4.37114e-08,1,0.6,4.37114e-08,1,0.6,-4.37114e-08,-1,4.6,-1,7.35137e-08,1,-1,-2.84114e-07,5,0.25,4.95712e-07,-7.65586e-08,0.25,-1.59939e-07,0.1,-1.17243e-14,-2.68221e-07,5,1.17243e-14,2.68221e-07]
}