{
    "uvs":[],
    "materials":[{
        "colorEmissive":[0,0,0],
        "depthWrite":true,
        "opacity":1,
        "wireframe":false,
        "DbgIndex":0,
        "specularCoef":50,
        "colorDiffuse":[0.64,0.599638,0.514375],
        "doubleSided":false,
        "visible":true,
        "shading":"phong",
        "colorSpecular":[0.5,0.5,0.5],
        "DbgName":"Topside",
        "blending":"NormalBlending",
        "transparent":false,
        "DbgColor":15658734,
        "depthTest":true
    }],
    "faces":[35,5,19,10,1,0,0,0,0,0,35,7,3,14,23,0,1,1,1,1,35,0,2,13,9,0,2,2,2,2,35,10,14,3,1,0,3,3,3,3,35,7,5,1,3,0,4,4,4,4,35,2,0,4,6,0,5,5,5,5,35,6,4,5,7,0,6,6,6,6,35,2,6,22,13,0,7,7,7,7,35,6,7,23,22,0,8,8,8,8,35,0,9,18,4,0,9,9,9,9,35,4,18,19,5,0,10,10,10,10,35,17,11,10,19,0,11,11,11,11,35,21,23,14,15,0,12,12,12,12,35,8,9,13,12,0,13,13,13,13,35,19,10,14,23,0,14,14,14,14,35,10,11,15,14,0,15,15,15,15,35,21,15,11,17,0,16,16,16,16,35,12,20,16,8,0,17,17,17,17,35,20,21,17,16,0,18,18,18,18,35,9,18,22,13,0,19,19,19,19,35,18,19,23,22,0,20,20,20,20,35,12,13,22,20,0,21,21,21,21,35,20,22,23,21,0,22,22,22,22,35,8,16,18,9,0,23,23,23,23,35,16,17,19,18,0,24,24,24,24],
    "normals":[-0.0417592,-0.994555,-0.0954768,0.032166,0.999449,-0.00821902,0.994138,-0.108117,6.45583e-07,-0.718339,-0.42468,-0.551032,-0.211543,-0.31057,-0.926713,0.102838,-0.222827,-0.969419,-0.00181387,-0.274513,-0.961582,-0.0129791,0.999916,-6.36222e-05,0.012925,0.999916,0.000272407,0.0279085,-0.998013,-0.0564874,0.00705371,-0.993088,-0.117156,-0.0417592,-0.994555,0.0954769,0.032166,0.999449,0.00821896,0.994138,-0.108117,-6.2624e-07,-6.95912e-16,-4.37114e-08,-1,-0.718339,-0.42468,0.551032,-0.211543,-0.31057,0.926713,0.102838,-0.222827,0.969419,-0.00181387,-0.274513,0.961582,0,-4.37114e-08,-1,0,-4.37114e-08,-1,-0.0129791,0.999916,6.35224e-05,0.012925,0.999916,-0.000272497,0.0279085,-0.998013,0.0564875,0.00705371,-0.993088,0.117156],
    "metadata":{
        "type":"Geometry",
        "generator":"io_three",
        "normals":25,
        "version":3,
        "uvs":0,
        "materials":1,
        "vertices":24,
        "faces":25
    },
    "vertices":[5.41,-3.08249e-08,-0.705191,0.304396,-2.00281e-08,-0.458189,5.4659,0.513964,-0.784869,0.152098,0.564685,-0.633481,3.67626,-3.74423e-08,-0.85658,1.95846,-3.74423e-08,-0.85658,3.69463,0.490909,-1,1.92336,0.513964,-1,5.41,3.08249e-08,0.705191,5.41,0,0,0,0,0,0.304396,2.00281e-08,0.458189,5.4659,0.513964,0.784869,5.4659,0.513964,-2.24661e-08,-0.4,0.596962,-2.6094e-08,0.152098,0.564685,0.633481,3.67626,3.74423e-08,0.85658,1.95846,3.74423e-08,0.85658,3.65447,-0.0890053,3.89055e-09,1.95472,-0.11328,4.9516e-09,3.69463,0.490909,1,1.92336,0.513964,1,3.68589,0.490909,-2.14583e-08,1.88995,0.513964,-2.24661e-08]
}