{
    "uvs":[],
    "normals":[0,4.28408e-08,-1,0,-4.28408e-08,1,0.926457,0.376399,0,0,1,-0,-1,0,0],
    "metadata":{
        "normals":5,
        "uvs":0,
        "version":3,
        "materials":1,
        "generator":"io_three",
        "type":"Geometry",
        "vertices":8,
        "faces":5
    },
    "materials":[{
        "shading":"phong",
        "depthWrite":true,
        "opacity":1,
        "colorEmissive":[0,0,0],
        "wireframe":false,
        "specularCoef":50,
        "DbgColor":15658734,
        "colorSpecular":[0.5,0.5,0.5],
        "depthTest":true,
        "transparent":false,
        "DbgIndex":0,
        "doubleSided":false,
        "DbgName":"Underside",
        "blending":"NormalBlending",
        "visible":true,
        "colorDiffuse":[0.02682,0.0635277,0.181801]
    }],
    "faces":[35,0,2,3,1,0,0,0,0,0,35,4,5,7,6,0,1,1,1,1,35,2,0,4,6,0,2,2,2,2,35,0,1,5,4,0,3,3,3,3,35,1,3,7,5,0,4,4,4,4],
    "vertices":[0.406278,-1,0.025,1,-1,0.025,0,1.09279e-09,0.025,1,1.09279e-09,0.025,0.406278,-1,-0.025,1,-1,-0.025,0,3.1913e-09,-0.025,1,3.1913e-09,-0.025]
}