{
    "normals":[0,2.32069e-08,1,0,2.8128e-08,1,0,3.64969e-08,1,0,3.69944e-08,1,0,3.69944e-08,1,0,3.64969e-08,1,0,2.8128e-08,1,0,2.32069e-08,1],
    "vertices":[0,-1.91069e-15,-4.37114e-08,3.15,-1.91069e-15,-4.37114e-08,0,7.48,-2.8325e-07,0,6.0588,-2.50268e-07,0,1.87,-9.63108e-08,3,1.87,-9.63108e-08,1.47,6.0588,-2.50268e-07,0,4.0392,-1.76559e-07,2.48,4.0392,-1.76559e-07,0.7875,-1.91069e-15,-4.37114e-08,1.575,-1.91069e-15,-4.37114e-08,2.3625,-1.91069e-15,-4.37114e-08,2.25,1.87,-9.63108e-08,1.5,1.87,-9.63108e-08,0.75,1.87,-9.63108e-08,1.1025,6.0588,-2.50268e-07,0.735,6.0588,-2.50268e-07,0.3675,6.0588,-2.50268e-07,1.86,4.0392,-1.76559e-07,1.24,4.0392,-1.76559e-07,0.62,4.0392,-1.76559e-07],
    "metadata":{
        "type":"Geometry",
        "vertices":21,
        "uvs":0,
        "generator":"io_three",
        "version":3,
        "normals":8,
        "materials":1,
        "faces":16
    },
    "uvs":[],
    "faces":[34,15,6,2,0,0,0,0,35,11,1,5,12,0,1,1,1,1,35,18,8,6,15,0,2,2,2,2,35,12,5,8,18,0,3,3,3,3,35,4,14,20,7,0,4,4,4,4,35,14,13,19,20,0,4,4,4,4,35,13,12,18,19,0,4,4,4,4,35,7,20,17,3,0,2,2,2,2,35,20,19,16,17,0,5,5,5,5,35,19,18,15,16,0,2,2,2,2,35,0,9,14,4,0,1,1,1,1,35,9,10,13,14,0,1,1,1,1,35,10,11,12,13,0,6,6,6,6,34,3,17,2,0,7,7,7,34,17,16,2,0,7,7,7,34,16,15,2,0,7,7,7],
    "materials":[{
        "depthTest":true,
        "opacity":1,
        "DbgName":"Sail",
        "colorEmissive":[0,0,0],
        "DbgIndex":0,
        "colorSpecular":[0.5,0.5,0.5],
        "transparent":false,
        "colorDiffuse":[0.956627,0.956627,0.956627],
        "wireframe":false,
        "doubleSided":true,
        "shading":"phong",
        "DbgColor":15658734,
        "blending":"NormalBlending",
        "visible":true,
        "depthWrite":true,
        "specularCoef":50
    }]
}