{
    "uvs":[],
    "materials":[{
        "colorEmissive":[0,0,0],
        "depthWrite":true,
        "opacity":1,
        "wireframe":false,
        "DbgIndex":0,
        "specularCoef":50,
        "colorDiffuse":[0.64,0.64,0.64],
        "doubleSided":false,
        "visible":true,
        "shading":"phong",
        "colorSpecular":[0.237151,0.279088,0.318239],
        "DbgName":"Spar",
        "blending":"NormalBlending",
        "transparent":false,
        "DbgColor":15658734,
        "depthTest":true
    }],
    "faces":[35,0,1,3,2,0,0,0,0,0,35,2,3,7,6,0,1,1,1,1,35,6,7,5,4,0,2,2,2,2,35,1,0,4,5,0,3,3,3,3,35,4,0,2,6,0,4,4,4,4,35,7,3,1,5,0,5,5,5,5],
    "normals":[-1,0,0,0,-4.37722e-08,-1,1,0,0,0,4.37722e-08,1,0,-1,4.37114e-08,0,1,0],
    "metadata":{
        "type":"Geometry",
        "generator":"io_three",
        "normals":6,
        "version":3,
        "uvs":0,
        "materials":1,
        "vertices":8,
        "faces":6
    },
    "vertices":[-0.055,1.66103e-09,0.038,-0.055,8,0.0379996,-0.055,-1.66103e-09,-0.038,-0.055,8,-0.0380003,0.055,1.66103e-09,0.038,0.055,8,0.0379996,0.055,-1.66103e-09,-0.038,0.055,8,-0.0380003]
}