{
    "uvs":[],
    "materials":[{
        "colorEmissive":[0,0,0],
        "depthWrite":true,
        "opacity":1,
        "wireframe":false,
        "DbgIndex":0,
        "specularCoef":50,
        "colorDiffuse":[0.64,0.64,0.64],
        "doubleSided":false,
        "visible":true,
        "shading":"phong",
        "colorSpecular":[0.237151,0.279088,0.318239],
        "DbgName":"Spar",
        "blending":"NormalBlending",
        "transparent":false,
        "DbgColor":15658734,
        "depthTest":true
    }],
    "faces":[35,0,1,3,2,0,0,0,0,0,35,2,3,7,6,0,1,1,1,1,35,6,7,5,4,0,2,2,2,2,35,1,0,4,5,0,3,3,3,3,35,4,0,2,6,0,4,4,4,4,35,7,3,1,5,0,5,5,5,5],
    "normals":[1.11167e-07,1,0,-5.44909e-15,-4.9017e-08,-1,-1.11167e-07,-1,0,5.44909e-15,4.9017e-08,1,-1,6.32665e-08,0,1,0,0],
    "metadata":{
        "type":"Geometry",
        "generator":"io_three",
        "normals":6,
        "version":3,
        "uvs":0,
        "materials":1,
        "vertices":8,
        "faces":6
    },
    "vertices":[2.40413e-09,0.0380002,0.025,3.15,0.0379998,0.025,2.40413e-09,0.0380002,-0.025,3.15,0.0379998,-0.025,-2.40413e-09,-0.0379998,0.025,3.15,-0.0380002,0.025,-2.40413e-09,-0.0379998,-0.025,3.15,-0.0380002,-0.025]
}