{
    "uvs":[],
    "materials":[{
        "colorEmissive":[0,0,0],
        "depthWrite":true,
        "opacity":1,
        "wireframe":false,
        "DbgIndex":0,
        "specularCoef":50,
        "colorDiffuse":[0.206294,0.103672,0.0497055],
        "doubleSided":false,
        "visible":true,
        "shading":"phong",
        "colorSpecular":[0.5,0.5,0.5],
        "DbgName":"Rudder",
        "blending":"NormalBlending",
        "transparent":false,
        "DbgColor":15658734,
        "depthTest":true
    }],
    "faces":[34,1,0,5,0,0,0,0,34,5,4,2,0,1,1,1,34,8,7,6,0,2,2,2,34,6,1,5,0,3,3,3,34,5,2,3,0,4,4,4,34,8,6,5,0,5,5,5,34,5,3,8,0,6,6,6,34,14,9,10,0,7,7,7,34,10,15,16,0,8,8,8,34,10,16,17,0,9,9,9,34,11,13,14,0,10,10,10,34,14,10,17,0,11,11,11,34,12,11,14,0,12,12,12,34,17,12,14,0,13,13,13,35,3,2,11,12,0,14,14,14,14,35,5,0,9,14,0,15,15,15,15,35,6,7,16,15,0,16,16,16,16,35,2,4,13,11,0,17,17,17,17,35,0,1,10,9,0,18,18,18,18,35,7,8,17,16,0,19,19,19,19,35,4,5,14,13,0,20,20,20,20,35,8,3,12,17,0,21,21,21,21,35,1,6,15,10,0,22,22,22,22],
    "normals":[-3.15381e-08,3.29022e-08,-1,4.93922e-09,-1.08214e-06,-1,2.19017e-07,-9.34699e-10,-1,-1.76989e-07,1.98829e-08,-1,-4.80591e-08,-1.86048e-06,-1,-2.38778e-06,-6.49311e-07,-1,-8.66474e-07,-1.33359e-08,-1,3.20173e-08,-3.20087e-08,1,1.24479e-07,3.15497e-08,1,-7.72777e-08,7.98877e-08,1,-3.04301e-09,1.1002e-06,1,9.46058e-07,4.98068e-08,1,4.76995e-08,1.84541e-06,1,8.59341e-07,1.3555e-08,1,0.0238619,0.999715,0,-0.993768,0.111468,3.76538e-07,0.996052,0.0887756,0,-0.990214,0.139561,0,-0.472655,-0.881247,0,0.87361,0.486627,0,-0.031563,-0.999502,0,0.999528,-0.0307097,0,0.714395,-0.699742,0],
    "metadata":{
        "type":"Geometry",
        "generator":"io_three",
        "normals":23,
        "version":3,
        "uvs":0,
        "materials":1,
        "vertices":18,
        "faces":23
    },
    "vertices":[-0.0805111,-0.450025,-0.00999997,0.127775,-0.561739,-0.00999998,-1.36796,0.628338,-0.0100001,0.162148,0.591816,-0.0100001,-1.37512,0.577528,-0.01,0.0297703,0.533163,-0.00999994,0.306087,-0.379693,-0.01,0.269565,0.0300767,-0.01,0.151406,0.242199,-0.01,-0.0805111,-0.450025,0.01,0.127775,-0.561739,0.01,-1.36796,0.628338,0.00999995,0.162148,0.591816,0.00999994,-1.37512,0.577528,0.01,0.0297703,0.533163,0.0100001,0.306087,-0.379693,0.00999999,0.269565,0.0300767,0.00999998,0.151406,0.242199,0.00999996]
}