{
    "boats": [
        {
            "typeName": "Tubby",
            "instances": [ "TubbyA", "TubbyB", "TubbyC" ],
            "phaser": {
                "sprite": {
                    "key": "tubby",
                    "anchor": {
                        "x": 0.0,
                        "y": 0.5
                    }
                }
            },
            "mass": 378,
            "centerOfMass": { "x": 0, "y": 0, "z": 0 },
            "massRadius": 4,
            "XvolumeTetras": {
                "comment": "Simple Version",
                "vertices": [
                    0,0,0.5,
                    5.41, 0, -0.5,
                    5.41, -1, 0.5,
                    5.41, 1, 0.5
                ],
                "indices": [
                    [0, 1, 2, 3]
                ]
            },
            "volumeTetras": {
                "mirrorPlane": {
                    "normal": { "x": 0, "y": 1, "z": 0},
                    "constant": 0
                },
                "vertices": [
                    0,0,0,
                    1.95472, 0, -0.11328,
                    3.65447, 0, -0.08901,
                    5.41000, 0, 0,

                    5.46590, 0, 0.51396,
                    3.68589, 0, 0.49091,
                    1.88995, 0, 0.51396,
                    -0.4000, 0, 0.59696,

                    0.30440, 0.45819, 0,
                    1.95846, 0.85658, 0,
                    3.67626, 0.85658, 0,
                    5.4100, 0.70519, 0,

                    5.46590, 0.78487, 0.51396,
                    3.69463, 1.00000, 0.49091,
                    1.92336, 1.00000, 0.51396,
                    0.15210, 0.63348, 0.56468
                ],
                "indices": [
                    [ 0, 1, 6, 7, 8, 9, 14, 15 ],
                    [ 1, 2, 5, 6, 9, 10, 13, 14 ],
                    [ 2, 3, 4, 5, 10, 11, 12, 13 ]
                ]
            },
            "XmomentInertia": { "xx": 1000, "yy": 10000, "zz": 1000 },
            "hull": {
                "lwl": 5.41,
                "bwl": 2.13,
                "tc": 0.15,
                "delC": 7.63,
                "k": 200e-6,
                "centerOfBuoyancy": { "x": 2.2 }
            },
            "spars": [
                {
                    "name": "mast",
                    "mass": 19.09,
                    "centerOfMass": { "x": 0.8, "y": 0, "z": 4 },
                    "obj3D": {
                        "position" : { "x": 0, "y": 0, "z": 0 }
                    }
                },
                {
                    "name": "boom",
                    "mass": 4.55,
                    "centerOfMass": { "x": 1.6, "y": 0, "z": 1 },
                    "obj3D": {
                        "position": { "x":0, "y": 0, "z": 0 }
                    }
                }
            ],
            "airfoils": [
                {
                    "name": "mainsail",
                    "mass": 4.55,
                    "centerOfMass": { "x": 0.8, "y": 0, "z": 4 },
                    "massRadius": 4,
                    "obj3D": {
                        "position" : { "x": 1.6, "y": 0, "z": 0 },
                        "rotation": { "exd": 0, "eyd": 0, "ezd": 0 }
                        },
                    "phaser_sprite": {
                        "key": "tubby_mainsail",
                        "lbLocalOffset": {
                            "x": 0,
                            "y": 0
                        },
                        "anchor": {
                            "x": 0,
                            "y": 1
                        }
                    },
                    "sailShape": {
                        "vertices": [
                            0.00, 0.00, 1.00,
                            3.15, 0.00, 1.00,
                            0.00, 0.00, 2.85,
                            3.00, 0.00, 2.85,
                            0.00, 0.00, 5.01,
                            2.48, 0.00, 5.01,
                            0.00, 0.00, 7.06,
                            1.47, 0.00, 7.06,
                            0.00, 0.00, 8.48
                        ],
                        "panels": [
                            {
                                "color": "0xFFFFFF",
                                "vertexIndices": [ 
                                    0, 1, 3, 2
                                ]
                            },
                            {
                                "color": "0xFFFF00",
                                "vertexIndices": [ 
                                    2, 3, 5, 4
                                ]
                            },
                            {
                                "color": "0xFF00FF",
                                "vertexIndices": [ 
                                    4, 5, 7, 6
                                ]
                            },
                            {
                                "color": "0x00FFFF",
                                "vertexIndices": [ 
                                    6, 7, 8
                                ]
                            }
                        ],
                        "slices": [
                            2, 3, 4, 5, 6, 7
                        ]
                    },
                    "minSheetLength": 0,
                    "maxSheetLength": 1.5,
                    "foil": {
                        "chordLine": {
                            "start": { "x": 0, "y": 0 },
                            "end": { "x": 3, "y": 0 }
                        },
                        "sliceZ": 0.2,
                        "area": 11.01,
                        "aspectRatio": 3,
                        "libClCdCurve": "Sail"
                    }
                }
            ],
            "hydroFoils": [ 
                {
                    "className": "LBSailSim.FoilInstance",
                    "name": "keel",
                    "mass": 200,
                    "centerOfMass": { "x": 0.5, "y": 0, "z": -1 },
                    "massRadius": 4,
                    "obj3D": {
                        "position" : { "x": 2.2, "y": 0, "z": 0 },
                        "rotation": { "exd": 0, "eyd": 0, "ezd": 0 }
                        },
                    "foil": {
                        "chordLine": {
                            "start": { "x": 0, "y": 0 },
                            "end": { "x": 1, "y": 0 }
                        },
                        "sliceZ": 0.2,
                        "area": 0.75,
                        "aspectRatio": 3,
                        "libClCdCurve": "FlatPlate"
                    }
                },
                {
                    "name": "rudder",
                    "mass": 4,
                    "centerOfMass": { "x": 0.15, "y": 0, "z": -0.5 },
                    "massRadius": 4,
                    "obj3D": {
                        "position" : { "x": 5.4, "y": 0, "z": 0 },
                        "rotation": { "exd": 0, "eyd": 0, "ezd": 0 }
                        },
                    "phaser_sprite": {
                        "key": "tubby_rudder",
                        "lbLocalOffset": {
                            "x": 0.3,
                            "y": 0
                        },
                        "anchor": {
                            "x": 1,
                            "y": 0.5
                        }
                        },
                    "foil": {
                        "chordLine": {
                            "start": { "x": 0, "y": 0 },
                            "end": { "x": 0.3, "y": 0 }
                        },
                        "sliceZ": 0.2,
                        "area": 0.3,
                        "aspectRatio": 5,
                        "libClCdCurve": "FlatPlate"
                    }
                }
            ],